,AA,All Coverage=78.6%,1,parent,-18.006,-17.003,-114.086,-112.08,-113.083,2,-430.299,-26.991,-618.43,-398.217,-15.99,-487.301,-99.084,-331.224,-318.194,-442.297,-339.235,-474.274,-471.31,Row Count,theoretical mass
"b1, y13",H,0,,,,,,,,,,,,,,,,,,,,,,0,"(138.066, 1241.783)"
"b2, y12",G,0,,,,,,,,,,,,,,,,,,,,,,0,"(195.088, 1184.761)"
"b3, y11",T,+,,,,,,,,,,,"0, (+1)-618.43, [1, 1], (0.001, 0.011), [418]",,,,,,,,,,,1,"(296.135, 1083.714)"
"b4, y10",V,+,"+1, 0, [1, 2], (0.001, 0.002), [147]","0, 0, [1, 2], (0.001, 0.002), [63]","(0)-18.006, 0, [1, 2], (0.003, 0.002), [382] ('used')","(0)-18.006, +1, [1, 2], (0.003, 0.002), [365] ('used')",,,,,,"(0)-27.994, +1, [1, 2], (0.013, 0.002), [488]",,,,,"+1, (0)-99.084, [1, 1], (0.001, 0.02), [47] ('used')",,,,,,,6,"(395.204, 984.645)"
"b5, y9",V,+,"+1, 0, [2, 1], (0.001, 0.004), [51]","0, 0, [2, 1], (0.001, 0.004), [13]","0, (0)-18.006, [1, 2], (0.002, 0.003), [99]","0, (0)-17.003, [1, 2], (0.002, 0.003), [219]","0, (+1)-114.086, [1, 1], (0.002, 0.002), [4] ('used')","0, (0)-112.08, [2, 1], (0.001, 0.002), [96]","+1, (0)-113.083, [1, 1], (0.002, 0.002), [31] ('used')","0, +2, [1, 2], (0.002, 0.045), [490]","0, (0)-430.299, [2, 1], (0.001, 0.005), [383]","(0)-27.994, +1, [2, 1], (0.0, 0.004), [106]","0, (+1)-618.43, [1, 1], (0.002, 0.016), [105]",,,,"(+1)-99.084, 0, [1, 1], (0.017, 0.004), [47] ('used')",,,,,,,13,"(494.272, 885.577)"
"b6, y8",L,+,"+1, 0, [2, 1], (0.005, 0.003), [131]","0, 0, [2, 1], (0.001, 0.003), [8]","0, (0)-18.006, [1, 2], (0.002, 0.003), [123]","0, (0)-17.003, [1, 2], (0.002, 0.003), [372]","(+1)-114.086, 0, [1, 1], (0.0, 0.003), [4] ('used')","(0)-112.08, +1, [1, 1], (0.001, 0.003), [133]","(+1)-113.083, 0, [1, 1], (0.001, 0.003), [31] ('used')","+2, 0, [2, 1], (0.001, 0.003), [145]","0, (+1)-430.299, [1, 1], (0.002, 0.002), [82]",,"0, (+1)-618.43, [1, 1], (0.002, 0.016), [111]","+2, (0)-399.22, [1, 1], (0.001, 0.01), [449] ('used')","(0)-17.997, +2, [1, 2], (0.011, 0.0), [125]","0, (+1)-487.301, [1, 1], (0.002, 0.018), [90]",,"+2, (0)-332.227, [1, 1], (0.001, 0.008), [339]","(+1)-318.194, 0, [1, 1], (0.019, 0.003), [361]",,,,,15,"(607.356, 772.493)"
"b7, y7",T,+,"0, +1, [1, 2], (0.003, 0.005), [88]","0, 0, [1, 2], (0.003, 0.001), [5]","(0)-18.006, 0, [1, 2], (0.002, 0.001), [104]",,,,,"+2, 0, [1, 2], (0.002, 0.001), [92]","0, (+1)-430.299, [1, 1], (0.003, 0.001), [408]","(0)-26.991, 0, [2, 1], (0.0, 0.003), [75]",,,,"0, (+1)-487.301, [1, 1], (0.003, 0.018), [42]",,"(+1)-331.224, 0, [1, 1], (0.064, 0.003), [364]",,,"(0)-340.238, +1, [1, 2], (0.046, 0.005), [208]",,,9,"(708.404, 671.445)"
"b8, y6",A,+,"0, +1, [2, 1], (0.001, 0.002), [362]","0, 0, [1, 2], (0.003, 0.001), [22]","(0)-18.006, 0, [1, 2], (0.001, 0.001), [73]","(0)-17.003, 0, [2, 1], (0.003, 0.002), [25]","0, (+1)-114.086, [1, 1], (0.003, 0.0), [19] ('used')","+1, (0)-112.08, [1, 1], (0.003, 0.001), [175] ('used')","0, (0)-113.083, [2, 1], (0.001, 0.001), [234] ('used')",,"0, (+1)-430.299, [1, 1], (0.003, 0.001), [473]",,,"(+1)-398.217, 0, [1, 1], (0.005, 0.002), [410] ('used')","(0)-15.99, 0, [2, 1], (0.014, 0.002), [410] ('used')",,,,,,,,,10,"(779.441, 600.408)"
"b9, y5",L,+,"0, +1, [2, 1], (0.002, 0.002), [56]","0, 0, [2, 1], (0.002, 0.002), [12]",,"(0)-18.006, +1, [2, 1], (0.002, 0.002), [397]","(+1)-114.086, 0, [1, 1], (0.002, 0.002), [19] ('used')","(0)-112.08, +1, [1, 1], (0.002, 0.002), [175] ('used')","(0)-113.083, 0, [2, 1], (0.0, 0.002), [234] ('used')",,,,,,"(0)-16.993, +1, [2, 1], (0.012, 0.002), [144]",,,,,,,,,7,"(892.525, 487.324)"
"b10, y4",G,+,"0, +1, [2, 1], (0.002, 0.005), [180]","0, 0, [2, 1], (0.002, 0.002), [1]",,,,,,"+1, +1, [2, 1], (0.002, 0.002), [84]",,,,,,,,,,,,"(+4)-477.284, ???, [1, 2], (0.013, 'n/a'), [167] ('used')",,4,"(949.546, 430.302)"
"b11, y3",G,+,"+1, 0, [2, 1], (0.002, 0.001), [38]","0, 0, [2, 1], (0.003, 0.001), [14]","(0)-22.019, +4, [2, 1], (0.098, 0.1), [382] ('used')","(0)-21.016, +4, [2, 1], (0.099, 0.1), [365] ('used')","0, (+1)-114.086, [1, 1], (0.005, 0.001), [35] ('used')","0, (0)-112.08, [2, 1], (0.003, 0.0), [138] ('used')","0, (0)-113.083, [2, 1], (0.003, 0.0), [57] ('used')",,,,,"(+1)-398.217, 0, [1, 1], (0.01, 0.001), [449] ('used')",,,,,,,,,,8,"(1006.568, 373.281)"
"b12, y2",I,+,"0, +1, [2, 1], (0.003, 0.001), [58]","0, 0, [2, 1], (0.003, 0.001), [15]","(0)-18.006, 0, [2, 1], (0.002, 0.001), [483]","+1, (0)-18.006, [2, 1], (0.002, 0.004), [156]","(+1)-114.086, 0, [1, 1], (0.004, 0.001), [35] ('used')","(0)-113.083, +1, [2, 1], (0.002, 0.001), [138] ('used')","(0)-113.083, 0, [2, 1], (0.001, 0.001), [57] ('used')","+1, +1, [2, 1], (0.002, 0.001), [114]",,"(0)-26.991, 0, [2, 1], (0.001, 0.001), [166]",,,,,,,,,,,,9,"(1119.652, 260.197)"
"b13, y1",L,0,,,,,,,,,,,,,,,,,,,,,,0,"(1232.736, 147.113)"
Col Count,K,+,9,9,7,7,6,6,6,5,4,4,3,3,3,2,2,2,1,1,1,1,0,13,13
FFC,,,27,13,10,9,3,8,7,20,4,6,3,3,7,3,4,4,3,3,1,4,3,,
FPR0,,,0,1,0,0,0,0,0,0,0,1,0,0,1,1,2,1,0,0,0,0,3,,
FPR1,,,0,0,0,0,0,0,0,0,0,0,0,0,0,0,0,0,1,0,0,4,0,,
offset,,,,,,,,,,,y4,,,b4+3,,y5,,,,,,,,,
FPR_LIST_1,,,,"(460.254891, 460.286622, [1, 2], 108)",,,,,,,,"(445.282096, 454.283173, [1, 2], 224)",,,"(390.225127, 487.32557, [1, 2], 234)","(454.283173, 439.291001, [1, 1], 304)","(488.328788, 305.185673, [2, 1], 468)","(460.286622, 589.348575, [1, 1], 404)","???, (0)-322.207, [1, 1], ('n/a', 0.072), [221]|",,,"(+1)-474.274, ???, [1, 2], (0.013, 'n/a'), [167]| ('used')","(449.278067, 460.245815, [1, 1], 451)",,
FPR_LIST_2,,,,,,,,,,,,,,,,,"(664.380459, 617.375015, [1, 1], 227)",,,,,"(+2)-475.277, ???, [1, 2], (0.013, 'n/a'), [167]| ('used')","(460.286622, 449.278067, [1, 1], 378)",,
FPR_LIST_3,,,,,,,,,,,,,,,,,,,,,,"(+3)-476.281, ???, [1, 2], (0.013, 'n/a'), [167]| ('used')","(754.485623, 155.081863, [1, 1], 319)",,
Modifications_Count,0,0,0,0,2,2,6,4,6,0,0,0,0,3,1,0,2,0,0,1,0,4,0,0,0
