,AA,All Coverage=8.3%,2,4,1,3,5,6,7,parent,Row Count,theoretical mass
"b1, y35",Y,0,,,,,,,,,0,"(164.071, 4107.025)"
"b2, y34",P,0,,,,,,,,,0,"(261.123, 4009.973)"
"b3, y33",S,0,,,,,,,,,0,"(348.155, 3922.94)"
"b4, y32",K,0,,,,,,,,,0,"(476.25, 3794.846)"
"b5, y31",P,0,,,,,,,,,0,"(573.303, 3697.793)"
"b6, y30",D,0,,,,,,,,,0,"(688.33, 3582.766)"
"b7, y29",N,0,,,,,,,,,0,"(802.373, 3468.723)"
"b8, y28",P,0,,,,,,,,,0,"(899.426, 3371.67)"
"b9, y27",G,0,,,,,,,,,0,"(956.447, 3314.649)"
"b10, y26",E,+,"0, +3, [1.0, 4.0], (0.004, 0.0), [365]",,,,,,,,1,"(1085.49, 3185.606)"
"b11, y25",D,0,,,,,,,,,0,"(1200.517, 3070.579)"
"b12, y24",A,+,,"0, +4, [2.0, 4.0], (0.015, 0.002), [116]",,,,,,,1,"(1271.554, 2999.542)"
"b13, y23",P,0,,,,,,,,,0,"(1368.607, 2902.489)"
"b14, y22",A,0,,,,,,,,,0,"(1439.644, 2831.452)"
"b15, y21",E,0,,,,,,,,,0,"(1568.686, 2702.41)"
"b16, y20",D,0,,,,,,,,,0,"(1683.713, 2587.383)"
"b17, y19",M,0,,,,,,,,,0,"(1814.754, 2456.342)"
"b18, y18",A,0,,,,,,,,,0,"(1885.791, 2385.305)"
"b19, y17",R,0,,,,,,,,,0,"(2041.892, 2229.204)"
"b20, y16",Y,0,,,,,,,,,0,"(2204.955, 2066.141)"
"b21, y15",Y,0,,,,,,,,,0,"(2368.019, 1903.077)"
"b22, y14",S,0,,,,,,,,,0,"(2455.051, 1816.045)"
"b23, y13",A,0,,,,,,,,,0,"(2526.088, 1745.008)"
"b24, y12",L,0,,,,,,,,,0,"(2639.172, 1631.924)"
"b25, y11",R,0,,,,,,,,,0,"(2795.273, 1475.823)"
"b26, y10",H,0,,,,,,,,,0,"(2932.332, 1338.764)"
"b27, y9",Y,0,,,,,,,,,0,"(3095.395, 1175.701)"
"b28, y8",I,0,,,,,,,,,0,"(3208.479, 1062.617)"
"b29, y7",N,0,,,,,,,,,0,"(3322.522, 948.574)"
"b30, y6",L,0,,,,,,,,,0,"(3435.606, 835.49)"
"b31, y5",I,0,,,,,,,,,0,"(3548.69, 722.406)"
"b32, y4",T,0,,,,,,,,,0,"(3649.738, 621.358)"
"b33, y3",R,0,,,,,,,,,0,"(3805.839, 465.257)"
"b34, y2",Q,0,,,,,,,,,0,"(3933.898, 337.198)"
"b35, y1",R,0,,,,,,,,,0,"(4089.999, 181.097)"
Col Count,Y,+,1,1,0.0,0.0,0.0,0.0,0.0,0.0,35,35
FFC,,,3.0,1.0,1.0,0.0,1.0,1.0,0.0,1.0,,
FPR0,,,1.0,0.0,1.0,0.0,0.0,1.0,0.0,1.0,,
FPR1,,,1.0,0.0,0.0,0.0,1.0,0.0,0.0,0.0,,
offset,,,,,,,,,,,,
FPR0_LIST_1,,,"(597.33310313, 828.39009665, [3.0, 3.0], 563.0)",,"(309.11922677, 793.4031283, [1.0, 5.0], 410.0)",,,"(524.24656922, 751.39342248, [1.0, 5.0], 4.0)",,"(554.75472327, 744.07438699, [1.0, 5.0], 961.0)",,
FPR0_LIST_2,,,,,,,,,,,,
FPR0_LIST_3,,,,,,,,,,,,
TFPR0_LIST_1,,,"(1791.9993, 2485.1703, 4277.1696)",,"(309.1192, 3967.0156, 4276.1349)",,,"(524.2466, 3756.9671, 4281.2137)",,"(554.7547, 3720.3719, 4275.1267)",,
TFPR0_LIST_2,,,,,,,,,,,,
TFPR0_LIST_3,,,,,,,,,,,,
FPR1_LIST_1,,,"???, +5, [2.0, 4.0], ('n/a', 0.006), [199]|",,,,"???, +6, [4.0, 2.0], ('n/a', 0.006), [675]|",,,,,
FPR1_LIST_2,,,,,,,,,,,,
FPR1_LIST_3,,,,,,,,,,,,
TFPR1_LIST_1,,,"(2710.4442, 1566.7416, 4277.1858)",,,,"(628.3802, 3651.7208, 4280.1011)",,,,,
TFPR1_LIST_2,,,,,,,,,,,,
TFPR1_LIST_3,,,,,,,,,,,,
Modifications_Count,0,0,0,0,0,0.0,0,0,0.0,0,0,0
